STATION,DATE,LATITUDE,LONGITUDE,ELEVATION,NAME,TEMP,TEMP_ATTRIBUTES,DEWP,DEWP_ATTRIBUTES,SLP,SLP_ATTRIBUTES,STP,STP_ATTRIBUTES,VISIB,VISIB_ATTRIBUTES,WDSP,WDSP_ATTRIBUTES,MXSPD,GUST,MAX,MAX_ATTRIBUTES,MIN,MIN_ATTRIBUTES,PRCP,PRCP_ATTRIBUTES,SNDP,FRSHTT
12495099999,1985-01-01,51.2166666,22.4,240.0,"LUBLIN RADAWIEC, PL",19.8,7,18.1,7,1018.1,7,999.9,0,1.2,7,0.8,7,3.9,999.9,21.4,*,16.9,*,99.99, ,1.6,1000
12495099999,1985-01-02,51.2166666,22.4,240.0,"LUBLIN RADAWIEC, PL",16.4,8,14.2,8,1005.0,8,999.9,0,0.8,8,2.2,8,3.9,999.9,19.0, ,14.0,*,99.99, ,2.8,1000
12495099999,1985-01-03,51.2166666,22.4,240.0,"LUBLIN RADAWIEC, PL",15.2,8,13.2,8,1000.9,8,999.9,0,1.0,8,4.1,8,7.8,999.9,18.9,*,10.2, ,99.99, ,3.5,101000
12495099999,1985-01-04,51.2166666,22.4,240.0,"LUBLIN RADAWIEC, PL",10.8,8,8.4,8,1002.4,8,999.9,0,2.2,8,1.7,8,3.9,999.9,15.6,*,6.4,*,0.01,G,3.9,1000
12495099999,1985-01-05,51.2166666,22.4,240.0,"LUBLIN RADAWIEC, PL",4.8,6,1.9,6,1007.7,6,999.9,0,1.1,6,1.3,6,3.9,999.9,9.9, ,1.9, ,0.0,G,4.3,101000
12495099999,1985-01-06,51.2166666,22.4,240.0,"LUBLIN RADAWIEC, PL",3.6,8,0.1,8,1009.1,7,999.9,0,1.6,8,10.9,8,17.5,999.9,7.5, ,-2.4,*,0.0,B,5.5,1000
12495099999,1985-01-07,51.2166666,22.4,240.0,"LUBLIN RADAWIEC, PL",-3.0,7,-6.6,7,1015.7,7,999.9,0,1.7,7,0.8,7,1.9,999.9,3.9, ,-6.9,*,0.0,D,5.5,0
12495099999,1985-01-08,51.2166666,22.4,240.0,"LUBLIN RADAWIEC, PL",-3.3,8,-5.5,8,1017.9,8,999.9,0,1.0,8,2.7,8,5.8,999.9,6.1, ,-10.8, ,0.0,D,5.5,100000
12495099999,1985-01-09,51.2166666,22.4,240.0,"LUBLIN RADAWIEC, PL",-0.7,8,-3.5,8,1019.5,8,999.9,0,1.0,8,1.7,8,3.9,999.9,10.0, ,-7.1, ,0.0,D,5.5,0
12495099999,1985-01-10,51.2166666,22.4,240.0,"LUBLIN RADAWIEC, PL",-0.4,7,-4.6,7,1019.7,7,999.9,0,0.8,7,1.4,7,3.9,999.9,9.7, ,-11.2, ,0.0,D,5.5,101000
12495099999,1985-01-11,51.2166666,22.4,240.0,"LUBLIN RADAWIEC, PL",12.6,7,9.8,7,1018.0,7,999.9,0,1.3,7,6.9,7,7.8,999.9,18.3, ,1.2, ,99.99, ,5.5,1000
12495099999,1985-01-12,51.2166666,22.4,240.0,"LUBLIN RADAWIEC, PL",14.9,8,12.5,8,1021.5,8,999.9,0,2.1,8,3.2,8,7.8,999.9,19.9, ,6.3,*,99.99, ,5.9,1000
12495099999,1985-01-13,51.2166666,22.4,240.0,"LUBLIN RADAWIEC, PL",2.4,7,-0.1,7,1027.7,7,999.9,0,1.5,7,0.8,7,3.9,999.9,10.8, ,-2.7, ,0.0,D,5.9,0
12495099999,1985-01-14,51.2166666,22.4,240.0,"LUBLIN RADAWIEC, PL",6.6,9,2.2,8,1031.9,9,999.9,0,1.3,9,5.6,9,11.7,999.9,10.6, ,-0.4, ,0.0,D,5.9,0
12495099999,1985-01-15,51.2166666,22.4,240.0,"LUBLIN RADAWIEC, PL",8.3,8,4.8,8,1038.7,8,999.9,0,1.2,8,7.0,8,13.6,999.9,16.0, ,3.7,*,0.0,D,5.9,0
12495099999,1985-01-16,51.2166666,22.4,240.0,"LUBLIN RADAWIEC, PL",4.3,8,0.5,8,1036.7,8,999.9,0,1.4,8,4.6,8,5.8,999.9,13.1, ,-1.8, ,0.0,D,5.9,0
12495099999,1985-01-17,51.2166666,22.4,240.0,"LUBLIN RADAWIEC, PL",7.2,8,3.7,8,1025.8,8,999.9,0,1.8,8,3.9,8,5.8,999.9,17.4, ,0.5, ,0.0,D,5.9,0
12495099999,1985-01-18,51.2166666,22.4,240.0,"LUBLIN RADAWIEC, PL",9.0,7,4.1,7,1011.3,7,999.9,0,2.1,7,3.6,7,5.8,999.9,14.5, ,3.0,*,0.0,D,999.9,0
12495099999,1985-01-19,51.2166666,22.4,240.0,"LUBLIN RADAWIEC, PL",10.2,8,6.6,8,1006.1,7,999.9,0,1.7,8,1.0,8,3.9,999.9,17.6,*,2.3,*,0.0,D,5.1,0
12495099999,1985-01-20,51.2166666,22.4,240.0,"LUBLIN RADAWIEC, PL",9.8,7,6.6,7,1012.6,7,999.9,0,1.5,7,1.7,7,3.9,999.9,16.5, ,5.4,*,0.0,D,999.9,100000
12495099999,1985-01-21,51.2166666,22.4,240.0,"LUBLIN RADAWIEC, PL",9.8,8,5.9,8,1016.0,8,999.9,0,2.2,8,8.7,8,13.6,999.9,16.7,*,0.1, ,0.0,D,5.1,0
12495099999,1985-01-22,51.2166666,22.4,240.0,"LUBLIN RADAWIEC, PL",27.3,8,23.9,8,1004.9,8,999.9,0,2.5,8,8.7,8,9.7,999.9,35.6, ,15.4, ,0.0,H,5.1,10000
12495099999,1985-01-23,51.2166666,22.4,240.0,"LUBLIN RADAWIEC, PL",35.0,7,32.2,7,1002.8,7,999.9,0,2.5,7,5.3,7,7.8,999.9,37.2, ,32.9, ,0.0,G,4.3,10000
12495099999,1985-01-24,51.2166666,22.4,240.0,"LUBLIN RADAWIEC, PL",31.4,8,30.5,8,1002.2,8,999.9,0,1.3,8,8.0,8,17.5,999.9,34.9, ,27.7,*,99.99, ,2.8,11000
12495099999,1985-01-25,51.2166666,22.4,240.0,"LUBLIN RADAWIEC, PL",26.9,8,23.3,8,1005.8,8,999.9,0,4.3,8,9.7,8,13.6,999.9,31.1, ,22.3, ,0.0,G,5.1,1000
12495099999,1985-01-26,51.2166666,22.4,240.0,"LUBLIN RADAWIEC, PL",32.4,8,28.6,7,1002.3,8,999.9,0,3.7,8,10.7,8,15.5,999.9,36.0, ,29.1,*,0.0,G,6.3,1000
12495099999,1985-01-27,51.2166666,22.4,240.0,"LUBLIN RADAWIEC, PL",34.0,8,31.5,8,1003.8,8,999.9,0,2.8,8,9.5,8,11.7,999.9,38.5, ,28.0,*,0.0,H,5.1,1000
12495099999,1985-01-28,51.2166666,22.4,240.0,"LUBLIN RADAWIEC, PL",20.9,8,16.2,8,1021.6,8,999.9,0,7.1,8,9.2,8,13.6,999.9,27.1,*,12.0,*,99.99, ,999.9,1000
12495099999,1985-01-29,51.2166666,22.4,240.0,"LUBLIN RADAWIEC, PL",19.7,8,14.3,6,1029.4,8,999.9,0,5.3,8,6.1,8,9.7,999.9,29.3, ,8.6, ,0.0,D,5.9,100000
12495099999,1985-01-30,51.2166666,22.4,240.0,"LUBLIN RADAWIEC, PL",30.6,8,23.2,8,1017.1,8,999.9,0,6.2,8,12.6,8,15.5,999.9,35.4, ,24.8, ,0.0,H,4.7,11000
12495099999,1985-01-31,51.2166666,22.4,240.0,"LUBLIN RADAWIEC, PL",33.6,6,30.5,6,1014.0,6,999.9,0,5.4,6,8.4,6,13.6,999.9,34.7, ,32.4,*,0.0,H,999.9,1000
12495099999,1985-02-01,51.2166666,22.4,240.0,"LUBLIN RADAWIEC, PL",34.4,8,32.7,8,1003.1,8,999.9,0,3.0,8,10.7,8,13.6,999.9,36.9, ,31.8, ,99.99, ,5.5,11000
12495099999,1985-02-02,51.2166666,22.4,240.0,"LUBLIN RADAWIEC, PL",34.6,7,33.1,7,996.3,7,999.9,0,3.6,7,12.8,7,17.5,999.9,36.9, ,32.4,*,0.24,E,999.9,11000
12495099999,1985-02-03,51.2166666,22.4,240.0,"LUBLIN RADAWIEC, PL",20.3,6,16.8,6,1008.2,6,999.9,0,1.0,6,19.7,6,21.4,999.9,27.9, ,15.8,*,0.2,E,0.8,1000
12495099999,1985-02-04,51.2166666,22.4,240.0,"LUBLIN RADAWIEC, PL",19.8,5,15.8,5,1021.2,5,999.9,0,1.6,5,17.9,5,19.4,999.9,21.7, ,15.8, ,99.99, ,5.5,1000
12495099999,1985-02-05,51.2166666,22.4,240.0,"LUBLIN RADAWIEC, PL",20.1,8,15.5,8,1017.4,8,999.9,0,3.1,8,6.8,8,13.6,999.9,23.4, ,17.6, ,0.0,H,3.9,1000
12495099999,1985-02-06,51.2166666,22.4,240.0,"LUBLIN RADAWIEC, PL",14.4,8,9.4,8,1012.4,8,999.9,0,3.7,8,3.4,8,7.8,999.9,19.9, ,10.9, ,0.0,H,4.7,1000
12495099999,1985-02-07,51.2166666,22.4,240.0,"LUBLIN RADAWIEC, PL",10.2,8,5.1,7,1011.7,8,999.9,0,2.6,8,8.7,8,13.6,999.9,14.2,*,8.2,*,99.99, ,6.3,1000
12495099999,1985-02-08,51.2166666,22.4,240.0,"LUBLIN RADAWIEC, PL",4.2,8,0.1,8,1019.7,8,999.9,0,1.7,8,6.8,8,9.7,999.9,10.4, ,-0.9,*,0.0,G,6.3,1000
12495099999,1985-02-09,51.2166666,22.4,240.0,"LUBLIN RADAWIEC, PL",6.2,8,2.1,8,1014.7,8,999.9,0,1.1,8,5.1,8,9.7,999.9,11.5,*,-2.6, ,0.0,H,6.3,101000
12495099999,1985-02-10,51.2166666,22.4,240.0,"LUBLIN RADAWIEC, PL",4.3,8,0.0,8,1009.8,8,999.9,0,1.1,8,9.7,8,11.7,999.9,8.1,*,-3.3,*,99.99, ,7.1,1000
12495099999,1985-02-11,51.2166666,22.4,240.0,"LUBLIN RADAWIEC, PL",-8.0,7,-11.4,7,1015.3,7,999.9,0,4.4,7,5.8,7,7.8,999.9,-4.0,*,-11.7, ,0.0,B,7.5,0
12495099999,1985-02-12,51.2166666,22.4,240.0,"LUBLIN RADAWIEC, PL",-8.5,6,-13.7,6,1019.7,6,999.9,0,2.2,6,5.2,6,7.8,999.9,1.2,*,-15.5, ,0.0,B,7.5,100000
12495099999,1985-02-13,51.2166666,22.4,240.0,"LUBLIN RADAWIEC, PL",3.4,8,-0.6,8,1017.7,7,999.9,0,1.8,8,3.4,8,5.8,999.9,12.6, ,-8.3, ,0.0,D,7.5,1000
12495099999,1985-02-14,51.2166666,22.4,240.0,"LUBLIN RADAWIEC, PL",12.2,8,7.3,8,1016.9,8,999.9,0,1.7,8,5.3,8,7.8,999.9,19.8, ,7.0, ,0.0,G,7.1,11000
12495099999,1985-02-15,51.2166666,22.4,240.0,"LUBLIN RADAWIEC, PL",15.6,8,11.0,8,1012.5,8,999.9,0,1.8,8,10.2,8,13.6,999.9,19.8, ,7.5,*,0.0,H,7.1,1000
12495099999,1985-02-16,51.2166666,22.4,240.0,"LUBLIN RADAWIEC, PL",12.3,8,7.7,8,1020.3,8,999.9,0,2.4,7,14.1,8,25.3,999.9,16.0, ,5.9, ,0.01,E,7.5,1000
12495099999,1985-02-17,51.2166666,22.4,240.0,"LUBLIN RADAWIEC, PL",8.9,8,4.4,8,1022.2,8,999.9,0,3.3,8,6.8,8,7.8,999.9,13.1,*,-0.9,*,0.0,E,8.3,1000
12495099999,1985-02-18,51.2166666,22.4,240.0,"LUBLIN RADAWIEC, PL",2.3,8,-2.3,8,1020.7,8,999.9,0,3.0,8,8.0,8,9.7,999.9,10.0, ,-7.1, ,0.01,G,8.3,1000
12495099999,1985-02-19,51.2166666,22.4,240.0,"LUBLIN RADAWIEC, PL",5.0,8,0.9,8,1022.7,8,999.9,0,2.3,8,9.0,8,13.6,999.9,12.2, ,-1.5, ,0.0,G,8.3,1000
12495099999,1985-02-20,51.2166666,22.4,240.0,"LUBLIN RADAWIEC, PL",9.9,8,6.3,8,1028.9,8,999.9,0,2.6,8,6.6,8,9.7,999.9,14.9, ,0.9, ,0.0,G,8.3,1000
12495099999,1985-02-21,51.2166666,22.4,240.0,"LUBLIN RADAWIEC, PL",12.1,8,8.1,8,1028.1,8,999.9,0,2.1,8,2.9,8,7.8,999.9,19.6, ,3.6, ,0.0,C,8.3,0
12495099999,1985-02-22,51.2166666,22.4,240.0,"LUBLIN RADAWIEC, PL",15.6,8,11.2,7,1029.2,8,999.9,0,3.1,8,2.7,8,5.8,999.9,21.9, ,11.1, ,0.0,H,8.3,1000
12495099999,1985-02-23,51.2166666,22.4,240.0,"LUBLIN RADAWIEC, PL",2.6,5,-3.2,5,1034.0,5,999.9,0,4.5,5,5.8,5,7.8,999.9,9.5,*,-4.9, ,0.01,G,8.3,1000
12495099999,1985-02-24,51.2166666,22.4,240.0,"LUBLIN RADAWIEC, PL",19.3,8,15.8,8,1026.8,8,999.9,0,1.6,8,2.7,8,3.9,999.9,25.9, ,1.9, ,0.0,G,9.1,1000
12495099999,1985-02-25,51.2166666,22.4,240.0,"LUBLIN RADAWIEC, PL",27.7,8,25.4,8,1027.6,8,999.9,0,1.6,8,7.0,8,11.7,999.9,33.3, ,18.3, ,0.0,H,9.4,101000
12495099999,1985-02-26,51.2166666,22.4,240.0,"LUBLIN RADAWIEC, PL",21.0,6,16.7,6,1034.9,6,999.9,0,2.9,6,1.3,6,5.8,999.9,26.4, ,13.8,*,0.0,H,9.1,1000
12495099999,1985-02-27,51.2166666,22.4,240.0,"LUBLIN RADAWIEC, PL",13.9,8,9.9,8,1036.8,7,999.9,0,1.4,7,2.4,8,5.8,999.9,23.0, ,0.5, ,0.0,B,9.1,100000
12495099999,1985-02-28,51.2166666,22.4,240.0,"LUBLIN RADAWIEC, PL",18.4,7,11.1,7,1032.7,7,999.9,0,4.4,7,9.2,7,11.7,999.9,27.7, ,9.1,*,0.0,D,9.1,0
12495099999,1985-03-01,51.2166666,22.4,240.0,"LUBLIN RADAWIEC, PL",19.3,8,13.1,8,1027.0,8,999.9,0,3.4,8,7.3,8,9.7,999.9,29.1, ,9.9, ,0.0,D,9.1,0
12495099999,1985-03-02,51.2166666,22.4,240.0,"LUBLIN RADAWIEC, PL",28.3,8,23.3,7,1022.2,8,999.9,0,1.9,8,5.3,8,7.8,999.9,36.5, ,21.4, ,0.0,D,9.1,0
12495099999,1985-03-03,51.2166666,22.4,240.0,"LUBLIN RADAWIEC, PL",30.9,8,28.6,8,1020.7,8,999.9,0,1.5,8,4.4,8,7.8,999.9,35.1, ,25.7, ,0.0,G,7.5,11000
12495099999,1985-03-04,51.2166666,22.4,240.0,"LUBLIN RADAWIEC, PL",33.1,8,32.1,8,1021.4,8,999.9,0,0.4,8,2.4,8,5.8,999.9,34.5, ,32.0, ,0.0,H,6.7,101000
12495099999,1985-03-05,51.2166666,22.4,240.0,"LUBLIN RADAWIEC, PL",34.3,6,32.7,6,1028.4,6,999.9,0,1.0,6,3.6,6,9.7,999.9,36.7,*,32.7,*,0.0,B,999.9,100000
12495099999,1985-03-06,51.2166666,22.4,240.0,"LUBLIN RADAWIEC, PL",32.3,8,31.2,8,1031.4,8,999.9,0,1.4,8,9.5,8,11.7,999.9,34.9, ,30.7, ,0.0,D,999.9,100000
12495099999,1985-03-07,51.2166666,22.4,240.0,"LUBLIN RADAWIEC, PL",32.0,9,30.6,9,1030.9,9,999.9,0,0.9,9,7.3,8,9.7,999.9,35.1, ,30.0,*,0.0,D,3.9,100000
12495099999,1985-03-08,51.2166666,22.4,240.0,"LUBLIN RADAWIEC, PL",31.3,8,30.4,8,1031.3,8,999.9,0,0.7,8,4.4,8,7.8,999.9,34.0, ,28.4, ,0.0,H,3.1,101000
12495099999,1985-03-09,51.2166666,22.4,240.0,"LUBLIN RADAWIEC, PL",31.3,8,29.7,8,1034.0,8,999.9,0,1.4,8,1.7,8,5.8,999.9,35.1, ,26.4,*,0.0,H,3.5,101000
12495099999,1985-03-10,51.2166666,22.4,240.0,"LUBLIN RADAWIEC, PL",21.4,8,17.3,8,1036.4,8,999.9,0,2.0,8,3.6,8,7.8,999.9,24.4,*,16.7,*,99.99, ,3.5,1000
12495099999,1985-03-11,51.2166666,22.4,240.0,"LUBLIN RADAWIEC, PL",21.0,8,16.5,8,1035.6,8,999.9,0,2.0,8,0.5,8,3.9,999.9,28.0, ,14.4,*,0.0,D,999.9,0
12495099999,1985-03-12,51.2166666,22.4,240.0,"LUBLIN RADAWIEC, PL",25.2,8,20.2,8,1034.9,8,999.9,0,1.8,8,0.0,8,999.9,999.9,51.3, ,15.6, ,0.0,D,3.5,100000
12495099999,1985-03-13,51.2166666,22.4,240.0,"LUBLIN RADAWIEC, PL",30.5,8,24.5,8,1025.5,8,999.9,0,1.7,8,1.7,8,5.8,999.9,41.0, ,19.4, ,0.0,D,3.1,0
12495099999,1985-03-14,51.2166666,22.4,240.0,"LUBLIN RADAWIEC, PL",35.6,7,27.2,7,1013.2,7,999.9,0,2.1,7,0.6,7,1.9,999.9,45.0, ,31.3, ,0.0,C,2.4,0
12495099999,1985-03-15,51.2166666,22.4,240.0,"LUBLIN RADAWIEC, PL",33.4,8,30.7,8,1008.0,8,999.9,0,1.3,8,1.5,8,5.8,999.9,36.1, ,29.5, ,0.0,H,1.6,110000
12495099999,1985-03-16,51.2166666,22.4,240.0,"LUBLIN RADAWIEC, PL",33.0,8,32.9,8,1008.3,6,999.9,0,0.1,8,0.0,8,999.9,999.9,34.9, ,32.2, ,0.0,G,999.9,111000
12495099999,1985-03-17,51.2166666,22.4,240.0,"LUBLIN RADAWIEC, PL",32.9,8,32.2,6,1005.8,8,999.9,0,0.8,8,3.9,8,7.8,999.9,34.9, ,31.8, ,99.99, ,999.9,101000
12495099999,1985-03-18,51.2166666,22.4,240.0,"LUBLIN RADAWIEC, PL",32.3,7,31.9,7,1004.0,7,999.9,0,0.6,7,7.8,7,11.7,999.9,34.7, ,30.7, ,0.0,H,999.9,111000
12495099999,1985-03-19,51.2166666,22.4,240.0,"LUBLIN RADAWIEC, PL",33.0,8,31.5,8,1010.4,8,999.9,0,2.2,8,5.1,8,11.7,999.9,37.8, ,32.0, ,0.0,B,999.9,0
12495099999,1985-03-20,51.2166666,22.4,240.0,"LUBLIN RADAWIEC, PL",32.9,8,31.2,8,1012.2,8,999.9,0,1.9,8,10.7,8,13.6,999.9,35.6, ,31.5, ,0.0,D,999.9,100000
12495099999,1985-03-21,51.2166666,22.4,240.0,"LUBLIN RADAWIEC, PL",34.5,8,32.0,8,1012.8,8,999.9,0,2.5,8,14.3,8,15.5,999.9,37.9, ,32.5, ,0.0,D,999.9,0
12495099999,1985-03-22,51.2166666,22.4,240.0,"LUBLIN RADAWIEC, PL",35.4,8,32.0,8,1012.8,8,999.9,0,3.4,8,16.8,8,19.4,999.9,40.3, ,33.6, ,0.0,D,999.9,0
12495099999,1985-03-23,51.2166666,22.4,240.0,"LUBLIN RADAWIEC, PL",34.1,8,31.4,8,1011.2,8,999.9,0,3.4,8,14.8,8,17.5,999.9,37.6, ,32.9, ,0.0,D,999.9,0
12495099999,1985-03-24,51.2166666,22.4,240.0,"LUBLIN RADAWIEC, PL",34.2,7,32.1,7,1011.1,7,999.9,0,2.3,7,11.4,7,15.5,999.9,36.3, ,32.7, ,0.0,G,999.9,10000
12495099999,1985-03-25,51.2166666,22.4,240.0,"LUBLIN RADAWIEC, PL",37.5,8,36.4,8,1012.4,8,999.9,0,1.2,8,3.6,8,7.8,999.9,44.4, ,33.4, ,0.02,B,999.9,110000
12495099999,1985-03-26,51.2166666,22.4,240.0,"LUBLIN RADAWIEC, PL",41.1,8,36.3,8,1012.3,8,999.9,0,3.9,8,6.6,8,9.7,999.9,53.4, ,31.1, ,0.0,D,999.9,100000
12495099999,1985-03-27,51.2166666,22.4,240.0,"LUBLIN RADAWIEC, PL",47.3,8,38.1,8,1004.0,8,999.9,0,7.8,8,6.6,8,9.7,999.9,59.4, ,38.3, ,0.0,D,999.9,0
12495099999,1985-03-28,51.2166666,22.4,240.0,"LUBLIN RADAWIEC, PL",37.3,8,33.5,8,1001.6,7,999.9,0,4.2,8,8.3,8,13.6,999.9,45.5, ,32.5,*,0.08,C,999.9,11100
12495099999,1985-03-29,51.2166666,22.4,240.0,"LUBLIN RADAWIEC, PL",33.6,8,28.6,8,1010.7,8,999.9,0,7.8,8,11.2,8,13.6,999.9,41.7,*,28.8, ,0.02,E,999.9,11000
12495099999,1985-03-30,51.2166666,22.4,240.0,"LUBLIN RADAWIEC, PL",42.1,8,32.6,8,1009.4,8,999.9,0,10.1,8,11.7,8,15.5,999.9,52.7, ,31.6, ,0.0,D,999.9,0
12495099999,1985-03-31,51.2166666,22.4,240.0,"LUBLIN RADAWIEC, PL",49.3,8,36.3,8,1009.7,8,999.9,0,9.3,8,7.3,8,15.5,999.9,59.9, ,38.3, ,0.0,D,999.9,0
12495099999,1985-04-01,51.2166666,22.4,240.0,"LUBLIN RADAWIEC, PL",47.7,8,40.0,8,1013.8,8,999.9,0,7.0,8,7.5,8,13.6,999.9,54.0, ,41.7,*,0.0,B,999.9,10000
12495099999,1985-04-02,51.2166666,22.4,240.0,"LUBLIN RADAWIEC, PL",45.9,8,41.8,8,1014.0,8,999.9,0,3.4,8,5.6,8,11.7,999.9,54.3, ,38.3, ,0.0,D,999.9,10000
12495099999,1985-04-03,51.2166666,22.4,240.0,"LUBLIN RADAWIEC, PL",46.2,8,41.4,8,1016.3,8,999.9,0,5.6,8,8.5,8,11.7,999.9,51.6, ,41.2, ,0.04,A,999.9,10000
12495099999,1985-04-04,51.2166666,22.4,240.0,"LUBLIN RADAWIEC, PL",49.1,7,38.5,7,1015.5,7,999.9,0,7.1,7,5.6,7,9.7,999.9,64.4, ,33.3, ,0.0,D,999.9,0
12495099999,1985-04-05,51.2166666,22.4,240.0,"LUBLIN RADAWIEC, PL",55.6,8,43.3,8,1007.2,8,999.9,0,5.3,8,5.3,8,9.7,999.9,69.3, ,43.9, ,0.0,D,999.9,0
12495099999,1985-04-06,51.2166666,22.4,240.0,"LUBLIN RADAWIEC, PL",56.7,8,43.2,8,1000.9,8,999.9,0,8.1,8,6.8,8,9.7,999.9,67.6, ,44.1, ,0.0,D,999.9,10000
12495099999,1985-04-07,51.2166666,22.4,240.0,"LUBLIN RADAWIEC, PL",52.0,8,46.1,8,1003.3,8,999.9,0,5.3,8,8.5,8,9.7,999.9,55.0, ,48.9,*,0.01,E,999.9,10010
12495099999,1985-04-08,51.2166666,22.4,240.0,"LUBLIN RADAWIEC, PL",52.5,7,41.7,7,1001.8,7,999.9,0,8.3,7,6.7,7,11.7,999.9,61.2, ,42.8, ,0.0,E,999.9,10000
12495099999,1985-04-09,51.2166666,22.4,240.0,"LUBLIN RADAWIEC, PL",51.7,8,42.0,8,999.1,8,999.9,0,6.5,8,7.0,8,11.7,999.9,60.6, ,46.2,*,0.01,G,999.9,10000
12495099999,1985-04-10,51.2166666,22.4,240.0,"LUBLIN RADAWIEC, PL",46.8,8,41.3,8,1002.5,8,999.9,0,7.3,8,7.0,8,9.7,999.9,55.9, ,39.7,*,0.0,G,999.9,10010
12495099999,1985-04-11,51.2166666,22.4,240.0,"LUBLIN RADAWIEC, PL",38.5,7,33.4,7,1011.4,6,999.9,0,6.2,7,5.0,7,9.7,999.9,46.2, ,34.5,*,0.01,G,999.9,0
12495099999,1985-04-12,51.2166666,22.4,240.0,"LUBLIN RADAWIEC, PL",47.5,7,40.3,7,1007.0,7,999.9,0,7.8,7,4.7,7,7.8,999.9,56.5, ,37.6, ,0.0,G,999.9,0
12495099999,1985-04-13,51.2166666,22.4,240.0,"LUBLIN RADAWIEC, PL",44.2,8,40.8,8,1004.6,8,999.9,0,3.0,8,4.1,8,11.7,999.9,47.5, ,40.1,*,0.06,C,999.9,10000
12495099999,1985-04-14,51.2166666,22.4,240.0,"LUBLIN RADAWIEC, PL",43.5,8,37.4,8,1006.0,8,999.9,0,6.7,8,6.1,8,15.5,999.9,51.3, ,36.5, ,0.0,H,999.9,10000
12495099999,1985-04-15,51.2166666,22.4,240.0,"LUBLIN RADAWIEC, PL",44.9,7,38.1,7,1013.0,7,999.9,0,9.2,7,6.1,7,9.7,999.9,58.3, ,32.4, ,0.0,E,999.9,10000
12495099999,1985-04-16,51.2166666,22.4,240.0,"LUBLIN RADAWIEC, PL",42.4,8,37.1,8,1020.5,8,999.9,0,6.5,8,5.3,8,9.7,999.9,49.5, ,33.8, ,0.0,B,999.9,0
12495099999,1985-04-17,51.2166666,22.4,240.0,"LUBLIN RADAWIEC, PL",42.5,8,34.0,8,1028.9,8,999.9,0,5.6,8,6.1,8,9.7,999.9,53.2, ,32.7, ,0.0,D,999.9,0
12495099999,1985-04-18,51.2166666,22.4,240.0,"LUBLIN RADAWIEC, PL",42.0,8,30.4,8,1028.9,8,999.9,0,4.8,8,4.4,8,5.8,999.9,53.8, ,30.9, ,0.0,D,999.9,0
12495099999,1985-04-19,51.2166666,22.4,240.0,"LUBLIN RADAWIEC, PL",46.0,8,31.9,8,1021.3,8,999.9,0,9.6,8,3.6,8,7.8,999.9,55.9, ,36.3,*,0.0,D,999.9,0
12495099999,1985-04-20,51.2166666,22.4,240.0,"LUBLIN RADAWIEC, PL",49.6,8,34.9,8,1016.6,8,999.9,0,9.3,8,4.4,8,11.7,999.9,61.9, ,37.0, ,0.0,D,999.9,0
12495099999,1985-04-21,51.2166666,22.4,240.0,"LUBLIN RADAWIEC, PL",56.0,7,38.6,7,1017.4,7,999.9,0,9.8,7,6.4,7,9.7,999.9,67.5, ,38.5, ,0.0,D,999.9,0
12495099999,1985-04-22,51.2166666,22.4,240.0,"LUBLIN RADAWIEC, PL",56.5,8,40.1,8,1014.2,8,999.9,0,6.2,8,2.9,8,3.9,999.9,69.6, ,43.0, ,0.0,C,999.9,0
12495099999,1985-04-23,51.2166666,22.4,240.0,"LUBLIN RADAWIEC, PL",57.4,8,41.9,8,1004.2,8,999.9,0,6.2,8,4.6,8,9.7,999.9,70.2, ,47.3, ,0.0,D,999.9,10000
12495099999,1985-04-24,51.2166666,22.4,240.0,"LUBLIN RADAWIEC, PL",42.9,8,41.2,8,1005.4,8,999.9,0,2.5,8,8.5,8,13.6,999.9,48.6,*,37.6,*,0.24,A,999.9,110000
12495099999,1985-04-25,51.2166666,22.4,240.0,"LUBLIN RADAWIEC, PL",38.7,8,33.0,8,1008.3,8,999.9,0,7.6,8,11.2,8,15.5,999.9,46.8, ,33.6, ,0.0,E,999.9,11000
12495099999,1985-04-26,51.2166666,22.4,240.0,"LUBLIN RADAWIEC, PL",35.3,8,23.4,8,1012.6,7,999.9,0,8.7,8,6.3,8,9.7,999.9,44.2, ,29.1, ,0.0,C,999.9,0
12495099999,1985-04-27,51.2166666,22.4,240.0,"LUBLIN RADAWIEC, PL",37.6,8,27.3,8,1009.2,8,999.9,0,8.4,8,3.6,8,5.8,999.9,46.6, ,28.2, ,0.0,D,999.9,0
12495099999,1985-04-28,51.2166666,22.4,240.0,"LUBLIN RADAWIEC, PL",41.9,8,35.8,8,1002.5,8,999.9,0,4.5,8,7.0,8,9.7,999.9,54.0, ,34.3,*,0.0,H,999.9,10000
12495099999,1985-04-29,51.2166666,22.4,240.0,"LUBLIN RADAWIEC, PL",35.6,8,32.9,8,1000.1,8,999.9,0,2.0,8,7.8,8,13.6,999.9,41.7, ,32.4, ,99.99, ,0.4,11000
12495099999,1985-04-30,51.2166666,22.4,240.0,"LUBLIN RADAWIEC, PL",36.1,6,32.2,6,999.4,6,999.9,0,5.0,6,9.4,6,15.5,999.9,45.0, ,30.7, ,0.02,E,999.9,11000
12495099999,1985-05-01,51.2166666,22.4,240.0,"LUBLIN RADAWIEC, PL",34.9,8,32.9,8,997.8,7,999.9,0,3.9,8,10.9,8,13.6,999.9,39.2, ,32.7, ,0.16,F,999.9,11000
12495099999,1985-05-02,51.2166666,22.4,240.0,"LUBLIN RADAWIEC, PL",40.6,8,35.5,8,1002.1,8,999.9,0,6.8,8,8.3,8,13.6,999.9,48.0, ,33.8, ,0.0,E,999.9,10000
12495099999,1985-05-03,51.2166666,22.4,240.0,"LUBLIN RADAWIEC, PL",39.9,8,38.4,8,1002.1,8,999.9,0,2.6,8,3.4,8,7.8,999.9,45.0, ,36.5, ,0.43,E,999.9,10000
12495099999,1985-05-04,51.2166666,22.4,240.0,"LUBLIN RADAWIEC, PL",40.3,8,37.8,8,1008.5,8,999.9,0,4.3,8,6.6,8,11.7,999.9,47.1, ,37.2,*,0.02,E,999.9,10000
12495099999,1985-05-05,51.2166666,22.4,240.0,"LUBLIN RADAWIEC, PL",49.3,8,39.7,7,1014.2,8,999.9,0,9.2,8,6.8,8,13.6,999.9,60.6, ,34.2, ,0.0,E,999.9,10000
12495099999,1985-05-06,51.2166666,22.4,240.0,"LUBLIN RADAWIEC, PL",58.5,7,47.4,7,1013.3,7,999.9,0,8.0,7,8.3,7,11.7,999.9,69.3, ,48.0, ,0.02,C,999.9,0
12495099999,1985-05-07,51.2166666,22.4,240.0,"LUBLIN RADAWIEC, PL",60.3,8,51.4,8,1009.9,8,999.9,0,4.3,8,7.8,8,9.7,999.9,69.3, ,52.2, ,0.0,D,999.9,0
12495099999,1985-05-08,51.2166666,22.4,240.0,"LUBLIN RADAWIEC, PL",60.7,8,49.0,8,1011.5,8,999.9,0,10.1,8,4.9,8,7.8,999.9,70.9, ,52.9,*,0.08,E,999.9,10000
12495099999,1985-05-09,51.2166666,22.4,240.0,"LUBLIN RADAWIEC, PL",55.8,8,49.6,8,1013.2,8,999.9,0,10.9,8,5.6,8,15.5,999.9,64.2,*,46.9, ,0.01,A,999.9,10000
12495099999,1985-05-10,51.2166666,22.4,240.0,"LUBLIN RADAWIEC, PL",55.3,7,53.3,7,1013.0,7,999.9,0,6.2,7,4.2,7,7.8,999.9,63.7, ,49.5,*,0.2,E,999.9,10000
12495099999,1985-05-11,51.2166666,22.4,240.0,"LUBLIN RADAWIEC, PL",55.7,8,53.8,8,1017.0,8,999.9,0,2.9,8,4.9,8,9.7,999.9,61.7, ,46.9, ,0.02,D,999.9,100000
12495099999,1985-05-12,51.2166666,22.4,240.0,"LUBLIN RADAWIEC, PL",65.3,8,59.3,8,1013.6,8,999.9,0,6.8,8,3.6,8,7.8,999.9,77.7, ,52.0, ,0.0,D,999.9,0
12495099999,1985-05-13,51.2166666,22.4,240.0,"LUBLIN RADAWIEC, PL",70.2,8,57.1,8,1015.1,8,999.9,0,9.3,8,5.1,8,13.6,999.9,80.6, ,56.1, ,0.0,D,999.9,0
12495099999,1985-05-14,51.2166666,22.4,240.0,"LUBLIN RADAWIEC, PL",68.9,8,57.4,8,1012.6,7,999.9,0,9.3,8,4.6,8,7.8,999.9,79.7, ,58.5, ,0.0,D,999.9,0
12495099999,1985-05-15,51.2166666,22.4,240.0,"LUBLIN RADAWIEC, PL",68.9,8,57.6,7,1008.8,8,999.9,0,9.6,8,2.7,8,7.8,999.9,80.6, ,56.5, ,0.0,D,999.9,0
12495099999,1985-05-16,51.2166666,22.4,240.0,"LUBLIN RADAWIEC, PL",64.3,8,57.9,8,1011.8,8,999.9,0,7.3,8,1.7,8,3.9,999.9,76.3, ,54.1, ,0.0,D,999.9,10
12495099999,1985-05-17,51.2166666,22.4,240.0,"LUBLIN RADAWIEC, PL",63.7,8,57.3,8,1014.4,8,999.9,0,8.4,8,5.1,8,7.8,999.9,72.3, ,58.1, ,0.0,E,999.9,10000
12495099999,1985-05-18,51.2166666,22.4,240.0,"LUBLIN RADAWIEC, PL",61.4,8,54.2,8,1014.8,7,999.9,0,10.1,8,4.9,8,7.8,999.9,70.3, ,52.7, ,0.0,D,999.9,0
12495099999,1985-05-19,51.2166666,22.4,240.0,"LUBLIN RADAWIEC, PL",58.2,8,46.5,8,1018.3,8,999.9,0,9.3,8,5.6,8,9.7,999.9,66.0, ,51.1, ,0.0,D,999.9,0
12495099999,1985-05-20,51.2166666,22.4,240.0,"LUBLIN RADAWIEC, PL",56.3,8,43.3,8,1017.2,8,999.9,0,9.3,8,2.2,8,3.9,999.9,66.6, ,42.8, ,0.0,D,999.9,0
12495099999,1985-05-21,51.2166666,22.4,240.0,"LUBLIN RADAWIEC, PL",57.6,8,44.3,8,1010.4,8,999.9,0,7.8,8,1.9,8,5.8,999.9,66.0,*,45.1, ,0.0,D,999.9,0
12495099999,1985-05-22,51.2166666,22.4,240.0,"LUBLIN RADAWIEC, PL",57.2,8,47.6,8,1005.1,8,999.9,0,8.4,8,5.8,8,9.7,999.9,69.1, ,47.1, ,0.08,G,999.9,10000
12495099999,1985-05-23,51.2166666,22.4,240.0,"LUBLIN RADAWIEC, PL",56.9,8,53.2,8,1002.0,8,999.9,0,2.6,8,4.9,8,7.8,999.9,61.9, ,52.2,*,0.0,G,999.9,10000
12495099999,1985-05-24,51.2166666,22.4,240.0,"LUBLIN RADAWIEC, PL",54.1,8,47.3,8,1011.5,8,999.9,0,5.7,8,8.0,8,13.6,999.9,61.5, ,46.6, ,0.0,D,999.9,0
12495099999,1985-05-25,51.2166666,22.4,240.0,"LUBLIN RADAWIEC, PL",56.5,7,49.2,7,1020.4,7,999.9,0,4.1,7,1.9,7,3.9,999.9,67.8, ,46.0, ,0.0,D,999.9,0
12495099999,1985-05-26,51.2166666,22.4,240.0,"LUBLIN RADAWIEC, PL",61.2,8,51.1,8,1022.9,8,999.9,0,4.7,8,3.2,8,5.8,999.9,71.8, ,47.8, ,0.0,D,999.9,0
12495099999,1985-05-27,51.2166666,22.4,240.0,"LUBLIN RADAWIEC, PL",64.8,8,51.4,8,1021.2,8,999.9,0,6.8,8,3.6,8,7.8,999.9,75.4, ,52.5, ,0.0,D,999.9,0
12495099999,1985-05-28,51.2166666,22.4,240.0,"LUBLIN RADAWIEC, PL",65.2,7,51.0,7,1018.7,7,999.9,0,8.3,7,2.2,7,3.9,999.9,75.6,*,51.8, ,0.0,D,999.9,0
12495099999,1985-05-29,51.2166666,22.4,240.0,"LUBLIN RADAWIEC, PL",61.1,8,53.6,8,1014.7,8,999.9,0,8.1,8,3.6,8,5.8,999.9,72.0, ,55.0, ,0.08,E,999.9,10010
12495099999,1985-05-30,51.2166666,22.4,240.0,"LUBLIN RADAWIEC, PL",60.1,8,55.1,8,1013.2,8,999.9,0,5.3,8,2.2,8,3.9,999.9,71.8, ,52.2, ,0.31,B,999.9,10
12495099999,1985-05-31,51.2166666,22.4,240.0,"LUBLIN RADAWIEC, PL",60.5,8,55.7,8,1013.7,8,999.9,0,3.8,8,3.6,8,11.7,999.9,72.0,*,48.6, ,0.0,E,999.9,110000
12495099999,1985-06-01,51.2166666,22.4,240.0,"LUBLIN RADAWIEC, PL",53.9,8,53.6,8,1012.3,8,999.9,0,0.9,8,8.3,8,13.6,999.9,56.8,*,52.2,*,0.0,G,999.9,110000
12495099999,1985-06-02,51.2166666,22.4,240.0,"LUBLIN RADAWIEC, PL",57.2,8,56.4,8,1012.4,8,999.9,0,2.6,8,3.9,8,5.8,999.9,61.3,*,52.2, ,99.99, ,999.9,110000
12495099999,1985-06-03,51.2166666,22.4,240.0,"LUBLIN RADAWIEC, PL",60.3,8,52.1,8,1016.9,8,999.9,0,7.3,8,8.0,8,13.6,999.9,70.5, ,53.6,*,0.0,A,999.9,10000
12495099999,1985-06-04,51.2166666,22.4,240.0,"LUBLIN RADAWIEC, PL",59.0,8,45.2,8,1019.9,8,999.9,0,10.9,8,3.2,8,7.8,999.9,69.3, ,46.0, ,0.0,D,999.9,0
12495099999,1985-06-05,51.2166666,22.4,240.0,"LUBLIN RADAWIEC, PL",63.0,8,49.5,8,1015.5,8,999.9,0,11.7,8,3.6,8,9.7,999.9,76.3, ,45.7, ,0.0,C,999.9,0
12495099999,1985-06-06,51.2166666,22.4,240.0,"LUBLIN RADAWIEC, PL",63.7,8,58.8,8,1009.7,8,999.9,0,6.4,8,4.4,8,7.8,999.9,79.5, ,56.3, ,0.51,E,999.9,10
12495099999,1985-06-07,51.2166666,22.4,240.0,"LUBLIN RADAWIEC, PL",63.8,8,59.3,8,1008.5,8,999.9,0,2.0,8,1.9,8,5.8,999.9,72.5, ,54.3, ,0.08,E,999.9,110010
12495099999,1985-06-08,51.2166666,22.4,240.0,"LUBLIN RADAWIEC, PL",61.9,8,58.4,8,1005.0,8,999.9,0,4.3,8,4.9,8,11.7,999.9,69.1, ,57.9,*,99.99, ,999.9,10000
12495099999,1985-06-09,51.2166666,22.4,240.0,"LUBLIN RADAWIEC, PL",51.9,8,48.0,8,1010.6,8,999.9,0,6.4,8,6.3,8,11.7,999.9,54.7,*,48.7,*,0.12,A,999.9,10000
12495099999,1985-06-10,51.2166666,22.4,240.0,"LUBLIN RADAWIEC, PL",53.6,8,46.2,8,1012.4,8,999.9,0,8.1,8,4.9,8,9.7,999.9,64.0, ,42.6, ,0.0,D,999.9,10010
12495099999,1985-06-11,51.2166666,22.4,240.0,"LUBLIN RADAWIEC, PL",52.0,8,45.8,8,1010.1,8,999.9,0,7.0,8,7.8,8,15.5,999.9,59.4, ,48.6,*,0.0,E,999.9,10000
12495099999,1985-06-12,51.2166666,22.4,240.0,"LUBLIN RADAWIEC, PL",52.8,8,45.5,8,1010.4,8,999.9,0,7.3,8,3.6,8,5.8,999.9,62.1, ,41.5, ,0.04,E,999.9,10010
12495099999,1985-06-13,51.2166666,22.4,240.0,"LUBLIN RADAWIEC, PL",53.9,8,50.0,8,1004.9,8,999.9,0,6.1,8,4.9,8,7.8,999.9,60.8, ,48.4,*,0.16,E,999.9,10010
12495099999,1985-06-14,51.2166666,22.4,240.0,"LUBLIN RADAWIEC, PL",50.9,8,46.7,8,1009.5,8,999.9,0,6.5,8,7.3,8,11.7,999.9,57.0, ,46.9, ,0.03,B,999.9,10000
12495099999,1985-06-15,51.2166666,22.4,240.0,"LUBLIN RADAWIEC, PL",50.5,8,49.0,8,1007.4,8,999.9,0,3.5,8,5.3,8,15.5,999.9,56.5, ,44.4,*,0.0,E,999.9,10000
12495099999,1985-06-16,51.2166666,22.4,240.0,"LUBLIN RADAWIEC, PL",48.6,8,44.4,8,1010.4,8,999.9,0,8.1,8,12.9,8,15.5,999.9,54.7, ,43.3, ,0.02,E,999.9,10000
12495099999,1985-06-17,51.2166666,22.4,240.0,"LUBLIN RADAWIEC, PL",50.9,8,43.1,8,1011.6,8,999.9,0,10.1,8,6.6,8,11.7,999.9,58.8, ,45.9, ,0.0,D,999.9,0
12495099999,1985-06-18,51.2166666,22.4,240.0,"LUBLIN RADAWIEC, PL",51.2,8,44.0,8,1009.6,8,999.9,0,7.0,8,8.0,8,13.6,999.9,55.9, ,46.0, ,0.0,H,999.9,10000
12495099999,1985-06-19,51.2166666,22.4,240.0,"LUBLIN RADAWIEC, PL",55.0,8,50.0,8,1010.6,8,999.9,0,4.8,8,7.8,8,13.6,999.9,62.6, ,49.5, ,0.0,D,999.9,0
12495099999,1985-06-20,51.2166666,22.4,240.0,"LUBLIN RADAWIEC, PL",60.1,8,53.4,8,1009.1,8,999.9,0,6.5,8,2.7,8,5.8,999.9,69.3, ,51.6, ,0.0,D,999.9,0
12495099999,1985-06-21,51.2166666,22.4,240.0,"LUBLIN RADAWIEC, PL",58.5,8,55.1,8,1008.4,8,999.9,0,3.4,8,2.7,8,7.8,999.9,65.8, ,53.6, ,0.01,C,999.9,0
12495099999,1985-06-22,51.2166666,22.4,240.0,"LUBLIN RADAWIEC, PL",60.4,8,55.3,8,1009.6,8,999.9,0,3.0,8,2.9,8,5.8,999.9,67.3, ,55.0,*,0.0,D,999.9,0
12495099999,1985-06-23,51.2166666,22.4,240.0,"LUBLIN RADAWIEC, PL",62.5,8,54.2,8,1007.2,8,999.9,0,3.9,8,2.2,8,7.8,999.9,74.1, ,50.9, ,0.0,D,999.9,0
12495099999,1985-06-24,51.2166666,22.4,240.0,"LUBLIN RADAWIEC, PL",60.7,7,57.4,7,1005.5,7,999.9,0,2.3,7,1.9,7,3.9,999.9,71.4, ,57.4, ,0.28,E,999.9,10010
12495099999,1985-06-25,51.2166666,22.4,240.0,"LUBLIN RADAWIEC, PL",60.8,8,58.9,8,1008.3,8,999.9,0,1.8,8,4.4,8,7.8,999.9,72.7, ,56.7, ,1.22,E,999.9,110010
12495099999,1985-06-26,51.2166666,22.4,240.0,"LUBLIN RADAWIEC, PL",58.3,8,56.8,8,1012.7,8,999.9,0,2.3,8,9.2,8,13.6,999.9,61.3, ,56.5,*,0.63,E,999.9,10
12495099999,1985-06-27,51.2166666,22.4,240.0,"LUBLIN RADAWIEC, PL",55.8,8,51.0,8,1011.8,8,999.9,0,3.6,8,6.3,8,13.6,999.9,61.3,*,47.8, ,0.0,D,999.9,100000
12495099999,1985-06-28,51.2166666,22.4,240.0,"LUBLIN RADAWIEC, PL",55.0,8,48.1,8,1012.8,8,999.9,0,6.4,8,7.0,8,9.7,999.9,64.8, ,48.0, ,0.08,B,999.9,10000
12495099999,1985-06-29,51.2166666,22.4,240.0,"LUBLIN RADAWIEC, PL",54.4,8,48.4,8,1015.2,8,999.9,0,7.1,8,8.7,8,15.5,999.9,63.0, ,45.7, ,0.0,H,999.9,10000
12495099999,1985-06-30,51.2166666,22.4,240.0,"LUBLIN RADAWIEC, PL",58.2,6,51.9,6,1016.8,6,999.9,0,5.0,6,5.5,6,11.7,999.9,65.1, ,49.5, ,0.0,E,999.9,0
12495099999,1985-07-01,51.2166666,22.4,240.0,"LUBLIN RADAWIEC, PL",56.4,8,54.4,8,1012.1,8,999.9,0,2.5,8,4.1,8,7.8,999.9,67.6, ,48.7, ,0.04,E,999.9,10010
12495099999,1985-07-02,51.2166666,22.4,240.0,"LUBLIN RADAWIEC, PL",56.4,8,50.2,8,1012.0,8,999.9,0,5.3,8,6.8,8,9.7,999.9,65.7, ,50.2, ,0.24,C,999.9,0
12495099999,1985-07-03,51.2166666,22.4,240.0,"LUBLIN RADAWIEC, PL",53.6,8,48.6,8,1019.9,8,999.9,0,5.6,8,6.1,8,9.7,999.9,61.5, ,48.6, ,0.02,E,999.9,10000
12495099999,1985-07-04,51.2166666,22.4,240.0,"LUBLIN RADAWIEC, PL",55.6,8,49.6,8,1023.6,8,999.9,0,6.5,8,3.9,8,7.8,999.9,65.1, ,44.8, ,0.0,D,999.9,0
12495099999,1985-07-05,51.2166666,22.4,240.0,"LUBLIN RADAWIEC, PL",57.1,7,47.1,7,1021.3,7,999.9,0,10.7,7,5.0,7,7.8,999.9,67.3, ,47.5, ,0.0,D,999.9,0
12495099999,1985-07-06,51.2166666,22.4,240.0,"LUBLIN RADAWIEC, PL",60.0,8,49.5,8,1017.3,8,999.9,0,10.1,8,7.8,8,15.5,999.9,70.2, ,48.2, ,0.0,D,999.9,0
12495099999,1985-07-07,51.2166666,22.4,240.0,"LUBLIN RADAWIEC, PL",60.1,8,51.0,8,1015.4,8,999.9,0,11.7,8,7.5,8,9.7,999.9,68.4, ,51.8, ,0.0,D,999.9,0
12495099999,1985-07-08,51.2166666,22.4,240.0,"LUBLIN RADAWIEC, PL",60.0,7,51.3,7,1014.8,7,999.9,0,9.1,7,8.6,7,13.6,999.9,66.7, ,55.8,*,0.0,H,999.9,10000
12495099999,1985-07-09,51.2166666,22.4,240.0,"LUBLIN RADAWIEC, PL",52.7,8,49.9,8,1011.1,8,999.9,0,3.9,8,6.1,8,7.8,999.9,58.6, ,49.6,*,0.28,E,999.9,10000
12495099999,1985-07-10,51.2166666,22.4,240.0,"LUBLIN RADAWIEC, PL",57.0,8,50.9,8,1011.8,8,999.9,0,8.2,8,6.6,8,13.6,999.9,67.5, ,48.2, ,0.04,E,999.9,10010
12495099999,1985-07-11,51.2166666,22.4,240.0,"LUBLIN RADAWIEC, PL",59.5,8,52.7,8,1015.3,8,999.9,0,10.9,8,6.8,8,9.7,999.9,68.5, ,51.4, ,0.0,E,999.9,10010
12495099999,1985-07-12,51.2166666,22.4,240.0,"LUBLIN RADAWIEC, PL",62.4,8,54.7,8,1019.9,8,999.9,0,6.5,8,3.9,8,7.8,999.9,71.6, ,52.7, ,0.0,D,999.9,10
12495099999,1985-07-13,51.2166666,22.4,240.0,"LUBLIN RADAWIEC, PL",63.5,8,56.0,7,1022.4,8,999.9,0,6.8,8,1.7,8,3.9,999.9,73.8, ,51.6, ,0.28,C,999.9,0
12495099999,1985-07-14,51.2166666,22.4,240.0,"LUBLIN RADAWIEC, PL",68.4,8,58.9,8,1021.9,8,999.9,0,4.8,8,1.5,8,3.9,999.9,78.4, ,58.1, ,0.0,D,999.9,0
12495099999,1985-07-15,51.2166666,22.4,240.0,"LUBLIN RADAWIEC, PL",70.2,8,58.8,7,1019.1,8,999.9,0,6.8,8,3.9,8,7.8,999.9,81.3, ,57.4, ,0.0,D,999.9,0
12495099999,1985-07-16,51.2166666,22.4,240.0,"LUBLIN RADAWIEC, PL",66.6,8,60.6,8,1020.4,8,999.9,0,3.9,8,3.9,8,5.8,999.9,73.9, ,61.5, ,0.08,D,999.9,10
12495099999,1985-07-17,51.2166666,22.4,240.0,"LUBLIN RADAWIEC, PL",66.3,8,61.9,8,1018.6,8,999.9,0,2.8,8,5.1,8,7.8,999.9,83.7, ,59.9, ,0.0,D,999.9,0
12495099999,1985-07-18,51.2166666,22.4,240.0,"LUBLIN RADAWIEC, PL",63.1,8,55.4,8,1018.7,8,999.9,0,6.5,8,1.9,8,3.9,999.9,71.6, ,53.6, ,0.0,D,999.9,0
12495099999,1985-07-19,51.2166666,22.4,240.0,"LUBLIN RADAWIEC, PL",70.7,8,62.8,8,1011.0,7,999.9,0,3.4,8,3.9,8,7.8,999.9,81.7, ,60.4, ,0.0,D,999.9,0
12495099999,1985-07-20,51.2166666,22.4,240.0,"LUBLIN RADAWIEC, PL",71.9,8,65.8,8,1011.6,8,999.9,0,3.4,8,2.4,8,3.9,999.9,82.9, ,63.1, ,0.35,D,999.9,10000
12495099999,1985-07-21,51.2166666,22.4,240.0,"LUBLIN RADAWIEC, PL",60.3,8,57.7,8,1014.9,8,999.9,0,3.9,8,5.6,8,7.8,999.9,69.1,*,53.4,*,0.12,E,999.9,10010
12495099999,1985-07-22,51.2166666,22.4,240.0,"LUBLIN RADAWIEC, PL",55.5,8,48.7,8,1022.5,8,999.9,0,9.9,8,7.0,8,11.7,999.9,63.9, ,48.4, ,0.02,C,999.9,10000
12495099999,1985-07-23,51.2166666,22.4,240.0,"LUBLIN RADAWIEC, PL",58.6,8,53.8,8,1016.5,8,999.9,0,7.0,8,6.3,8,11.7,999.9,65.7, ,50.9, ,0.0,E,999.9,10000
12495099999,1985-07-24,51.2166666,22.4,240.0,"LUBLIN RADAWIEC, PL",59.7,8,50.1,8,1018.7,8,999.9,0,9.3,8,9.7,8,13.6,999.9,67.8, ,50.7, ,0.0,D,999.9,0
12495099999,1985-07-25,51.2166666,22.4,240.0,"LUBLIN RADAWIEC, PL",58.8,8,52.9,8,1016.9,8,999.9,0,6.5,8,5.1,8,9.7,999.9,67.3, ,54.0,*,0.0,B,999.9,0
12495099999,1985-07-26,51.2166666,22.4,240.0,"LUBLIN RADAWIEC, PL",60.9,8,51.2,8,1012.8,8,999.9,0,9.6,8,7.3,8,11.7,999.9,71.6, ,48.7, ,0.0,D,999.9,0
12495099999,1985-07-27,51.2166666,22.4,240.0,"LUBLIN RADAWIEC, PL",62.1,8,52.9,8,1010.8,8,999.9,0,10.1,8,2.9,8,7.8,999.9,70.2, ,49.1, ,0.0,D,999.9,10000
12495099999,1985-07-28,51.2166666,22.4,240.0,"LUBLIN RADAWIEC, PL",64.5,7,58.3,7,1011.7,7,999.9,0,5.1,7,3.9,7,7.8,999.9,71.8, ,58.1, ,0.0,A,999.9,0
12495099999,1985-07-29,51.2166666,22.4,240.0,"LUBLIN RADAWIEC, PL",67.3,8,58.5,8,1009.3,8,999.9,0,6.4,8,3.4,8,5.8,999.9,79.2, ,54.7, ,0.0,D,999.9,0
12495099999,1985-07-30,51.2166666,22.4,240.0,"LUBLIN RADAWIEC, PL",64.4,8,60.4,8,1006.7,8,999.9,0,3.7,8,5.8,8,11.7,999.9,72.1, ,58.8,*,0.04,E,999.9,10010
12495099999,1985-07-31,51.2166666,22.4,240.0,"LUBLIN RADAWIEC, PL",60.0,6,58.0,6,1007.1,6,999.9,0,3.1,6,2.9,6,5.8,999.9,68.7, ,55.2, ,0.08,E,999.9,10000
12495099999,1985-08-01,51.2166666,22.4,240.0,"LUBLIN RADAWIEC, PL",58.1,8,54.7,8,1010.5,8,999.9,0,5.3,8,5.6,8,9.7,999.9,66.4, ,53.6, ,0.2,B,999.9,10000
12495099999,1985-08-02,51.2166666,22.4,240.0,"LUBLIN RADAWIEC, PL",60.0,8,55.2,8,1013.8,8,999.9,0,3.9,8,2.2,8,5.8,999.9,70.0, ,49.1, ,0.0,D,999.9,10000
12495099999,1985-08-03,51.2166666,22.4,240.0,"LUBLIN RADAWIEC, PL",61.7,8,55.5,8,1015.6,8,999.9,0,2.4,8,3.2,8,5.8,999.9,70.2,*,54.1, ,0.04,C,999.9,0
12495099999,1985-08-04,51.2166666,22.4,240.0,"LUBLIN RADAWIEC, PL",58.8,8,55.7,8,1011.0,8,999.9,0,3.1,8,6.1,8,15.5,999.9,70.7, ,51.8, ,0.24,E,999.9,10000
12495099999,1985-08-05,51.2166666,22.4,240.0,"LUBLIN RADAWIEC, PL",60.1,7,53.3,7,1010.8,7,999.9,0,3.3,7,3.1,7,5.8,999.9,70.7, ,52.7, ,0.0,D,999.9,100000
12495099999,1985-08-06,51.2166666,22.4,240.0,"LUBLIN RADAWIEC, PL",67.5,8,57.0,8,1005.3,8,999.9,0,6.1,8,5.3,8,7.8,999.9,79.5, ,53.6, ,0.0,D,999.9,0
12495099999,1985-08-07,51.2166666,22.4,240.0,"LUBLIN RADAWIEC, PL",65.8,8,60.1,7,1000.5,8,999.9,0,3.3,8,6.1,8,11.7,999.9,78.4, ,55.2,*,0.0,D,999.9,0
12495099999,1985-08-08,51.2166666,22.4,240.0,"LUBLIN RADAWIEC, PL",53.7,8,52.4,8,1000.4,8,999.9,0,3.1,8,4.6,8,7.8,999.9,58.8, ,50.5,*,99.99, ,999.9,10000
12495099999,1985-08-09,51.2166666,22.4,240.0,"LUBLIN RADAWIEC, PL",55.3,7,49.9,6,1007.5,7,999.9,0,9.1,7,2.2,7,7.8,999.9,68.0, ,44.8, ,0.0,D,999.9,0
12495099999,1985-08-10,51.2166666,22.4,240.0,"LUBLIN RADAWIEC, PL",57.1,8,55.1,8,1009.0,8,999.9,0,4.3,8,6.6,8,11.7,999.9,63.5, ,54.7,*,0.0,A,999.9,10000
12495099999,1985-08-11,51.2166666,22.4,240.0,"LUBLIN RADAWIEC, PL",63.4,8,55.2,8,1018.4,8,999.9,0,6.8,8,4.4,8,9.7,999.9,70.3, ,52.9, ,0.0,E,999.9,0
12495099999,1985-08-12,51.2166666,22.4,240.0,"LUBLIN RADAWIEC, PL",69.2,9,61.3,8,1019.8,9,999.9,0,3.7,9,3.0,9,5.8,999.9,81.3, ,57.7,*,0.0,D,999.9,0
12495099999,1985-08-13,51.2166666,22.4,240.0,"LUBLIN RADAWIEC, PL",72.5,8,62.4,8,1021.5,8,999.9,0,4.5,8,1.9,8,3.9,999.9,84.2, ,60.8, ,0.0,D,999.9,0
12495099999,1985-08-14,51.2166666,22.4,240.0,"LUBLIN RADAWIEC, PL",73.0,8,61.4,7,1022.1,8,999.9,0,5.3,8,5.8,8,9.7,999.9,84.7,*,61.7, ,0.0,D,999.9,0
12495099999,1985-08-15,51.2166666,22.4,240.0,"LUBLIN RADAWIEC, PL",73.9,8,61.7,8,1020.8,8,999.9,0,5.7,8,3.6,8,7.8,999.9,87.8, ,61.2, ,0.0,D,999.9,0
12495099999,1985-08-16,51.2166666,22.4,240.0,"LUBLIN RADAWIEC, PL",72.8,8,60.9,8,1018.8,8,999.9,0,7.3,8,4.4,8,11.7,999.9,86.0, ,60.6, ,0.0,D,999.9,0
12495099999,1985-08-17,51.2166666,22.4,240.0,"LUBLIN RADAWIEC, PL",72.1,8,61.0,8,1015.1,8,999.9,0,5.3,8,2.4,8,5.8,999.9,86.9, ,59.2, ,0.0,D,999.9,0
12495099999,1985-08-18,51.2166666,22.4,240.0,"LUBLIN RADAWIEC, PL",67.0,7,62.0,7,1012.7,7,999.9,0,2.6,7,4.4,7,9.7,999.9,76.5,*,58.5,*,0.2,E,999.9,110010
12495099999,1985-08-19,51.2166666,22.4,240.0,"LUBLIN RADAWIEC, PL",54.7,8,54.0,8,1011.2,8,999.9,0,2.8,8,9.0,8,11.7,999.9,58.5, ,53.8,*,0.08,E,999.9,10000
12495099999,1985-08-20,51.2166666,22.4,240.0,"LUBLIN RADAWIEC, PL",57.4,8,56.2,8,1008.2,8,999.9,0,2.8,8,8.3,8,11.7,999.9,61.3, ,54.7, ,0.16,E,999.9,10000
12495099999,1985-08-21,51.2166666,22.4,240.0,"LUBLIN RADAWIEC, PL",60.6,8,56.3,8,1015.5,8,999.9,0,3.9,7,10.0,8,13.6,999.9,69.6, ,56.8, ,0.02,E,999.9,10000
12495099999,1985-08-22,51.2166666,22.4,240.0,"LUBLIN RADAWIEC, PL",61.8,8,54.1,8,1018.0,8,999.9,0,5.9,8,4.6,8,7.8,999.9,72.0, ,53.1, ,0.0,D,999.9,0
12495099999,1985-08-23,51.2166666,22.4,240.0,"LUBLIN RADAWIEC, PL",60.6,8,55.9,8,1018.3,8,999.9,0,4.7,8,3.6,8,9.7,999.9,68.4, ,52.7,*,0.0,C,999.9,0
12495099999,1985-08-24,51.2166666,22.4,240.0,"LUBLIN RADAWIEC, PL",62.8,7,57.9,7,1017.6,7,999.9,0,5.3,7,2.8,7,7.8,999.9,75.4,*,48.6, ,0.0,D,999.9,0
12495099999,1985-08-25,51.2166666,22.4,240.0,"LUBLIN RADAWIEC, PL",72.7,8,61.4,8,1011.9,8,999.9,0,6.4,8,6.1,8,13.6,999.9,86.0, ,61.2, ,0.0,D,999.9,0
12495099999,1985-08-26,51.2166666,22.4,240.0,"LUBLIN RADAWIEC, PL",71.8,8,60.6,8,1009.7,8,999.9,0,7.6,8,4.9,8,9.7,999.9,86.2, ,59.5, ,0.0,D,999.9,10000
12495099999,1985-08-27,51.2166666,22.4,240.0,"LUBLIN RADAWIEC, PL",55.6,8,53.6,8,1017.1,8,999.9,0,4.3,8,9.2,8,13.6,999.9,57.6, ,53.2,*,0.63,E,999.9,10010
12495099999,1985-08-28,51.2166666,22.4,240.0,"LUBLIN RADAWIEC, PL",59.2,8,54.7,8,1022.4,8,999.9,0,7.0,8,9.2,8,11.7,999.9,65.1, ,53.4, ,0.0,D,999.9,0
12495099999,1985-08-29,51.2166666,22.4,240.0,"LUBLIN RADAWIEC, PL",62.8,7,58.6,7,1021.3,7,999.9,0,4.1,7,5.8,7,7.8,999.9,71.8, ,55.0, ,0.0,D,999.9,0
12495099999,1985-08-30,51.2166666,22.4,240.0,"LUBLIN RADAWIEC, PL",62.7,8,56.7,8,1021.2,8,999.9,0,6.8,8,7.3,8,11.7,999.9,72.1, ,55.9,*,0.0,E,999.9,0
12495099999,1985-08-31,51.2166666,22.4,240.0,"LUBLIN RADAWIEC, PL",60.5,8,54.6,8,1020.6,8,999.9,0,3.7,8,2.7,8,5.8,999.9,71.8, ,50.0, ,0.0,D,999.9,0
12495099999,1985-09-01,51.2166666,22.4,240.0,"LUBLIN RADAWIEC, PL",62.8,8,54.0,8,1015.4,8,999.9,0,4.5,8,2.2,8,5.8,999.9,76.3, ,48.0,*,0.0,D,999.9,0
12495099999,1985-09-02,51.2166666,22.4,240.0,"LUBLIN RADAWIEC, PL",62.2,8,57.7,7,1015.5,8,999.9,0,2.5,8,3.2,8,7.8,999.9,71.4, ,53.1,*,0.08,D,999.9,10
12495099999,1985-09-03,51.2166666,22.4,240.0,"LUBLIN RADAWIEC, PL",61.3,8,53.9,8,1016.4,8,999.9,0,3.9,8,4.1,8,9.7,999.9,74.5, ,46.0, ,0.0,D,999.9,0
12495099999,1985-09-04,51.2166666,22.4,240.0,"LUBLIN RADAWIEC, PL",57.0,8,53.8,8,1011.4,8,999.9,0,3.4,8,8.5,8,11.7,999.9,61.5,*,53.1,*,0.28,E,999.9,10000
12495099999,1985-09-05,51.2166666,22.4,240.0,"LUBLIN RADAWIEC, PL",53.6,8,45.9,8,1016.7,8,999.9,0,7.6,8,5.8,8,9.7,999.9,61.9, ,47.7,*,0.0,C,999.9,0
12495099999,1985-09-06,51.2166666,22.4,240.0,"LUBLIN RADAWIEC, PL",50.8,8,44.4,8,1010.2,8,999.9,0,5.6,8,8.3,8,15.5,999.9,57.9, ,46.0, ,0.0,E,999.9,10000
12495099999,1985-09-07,51.2166666,22.4,240.0,"LUBLIN RADAWIEC, PL",45.7,8,38.2,8,1011.7,8,999.9,0,10.9,8,12.9,8,17.5,999.9,52.5, ,43.0,*,0.01,C,999.9,10000
12495099999,1985-09-08,51.2166666,22.4,240.0,"LUBLIN RADAWIEC, PL",46.9,8,40.1,8,1007.6,8,999.9,0,10.1,8,14.3,8,15.5,999.9,49.3, ,42.6, ,0.0,E,999.9,10000
12495099999,1985-09-09,51.2166666,22.4,240.0,"LUBLIN RADAWIEC, PL",48.4,9,44.2,8,1007.9,9,999.9,0,5.0,9,13.2,9,15.5,999.9,51.6, ,46.2, ,0.08,E,999.9,10000
12495099999,1985-09-10,51.2166666,22.4,240.0,"LUBLIN RADAWIEC, PL",49.7,8,48.9,8,1015.3,8,999.9,0,2.0,8,10.4,8,11.7,999.9,53.8, ,48.0, ,0.31,F,999.9,10000
12495099999,1985-09-11,51.2166666,22.4,240.0,"LUBLIN RADAWIEC, PL",50.9,7,49.5,7,1017.2,7,999.9,0,2.0,7,10.8,7,15.5,999.9,57.9, ,46.4, ,0.35,F,999.9,10000
12495099999,1985-09-12,51.2166666,22.4,240.0,"LUBLIN RADAWIEC, PL",50.5,8,47.5,8,1019.7,8,999.9,0,3.7,8,6.8,8,11.7,999.9,57.7, ,45.3,*,0.04,E,999.9,10000
12495099999,1985-09-13,51.2166666,22.4,240.0,"LUBLIN RADAWIEC, PL",46.8,8,44.7,8,1022.4,8,999.9,0,2.4,8,4.1,8,5.8,999.9,56.3, ,40.8,*,0.0,D,999.9,100000
12495099999,1985-09-14,51.2166666,22.4,240.0,"LUBLIN RADAWIEC, PL",48.6,8,43.2,8,1021.3,8,999.9,0,5.1,8,1.0,8,3.9,999.9,62.1, ,33.8, ,0.0,C,999.9,100000
12495099999,1985-09-15,51.2166666,22.4,240.0,"LUBLIN RADAWIEC, PL",55.7,8,48.8,8,1016.2,8,999.9,0,3.9,8,3.2,8,5.8,999.9,66.9, ,44.6, ,0.0,D,999.9,0
12495099999,1985-09-16,51.2166666,22.4,240.0,"LUBLIN RADAWIEC, PL",53.5,7,49.7,7,1019.2,7,999.9,0,4.1,7,2.8,7,3.9,999.9,58.6, ,49.8,*,0.0,H,999.9,10000
12495099999,1985-09-17,51.2166666,22.4,240.0,"LUBLIN RADAWIEC, PL",53.0,7,49.2,7,1013.6,6,999.9,0,3.2,7,8.9,7,13.6,999.9,58.8, ,48.2, ,0.08,E,999.9,10000
12495099999,1985-09-18,51.2166666,22.4,240.0,"LUBLIN RADAWIEC, PL",51.5,8,44.8,8,1022.0,8,999.9,0,9.3,8,10.4,8,15.5,999.9,59.0, ,45.0,*,0.12,D,999.9,10000
12495099999,1985-09-19,51.2166666,22.4,240.0,"LUBLIN RADAWIEC, PL",53.3,8,47.1,8,1023.8,8,999.9,0,4.2,8,3.4,8,7.8,999.9,66.9, ,40.3, ,0.0,D,999.9,0
12495099999,1985-09-20,51.2166666,22.4,240.0,"LUBLIN RADAWIEC, PL",61.3,8,56.0,8,1017.4,8,999.9,0,3.2,8,5.3,8,11.7,999.9,72.7, ,52.3, ,0.0,D,999.9,100000
12495099999,1985-09-21,51.2166666,22.4,240.0,"LUBLIN RADAWIEC, PL",61.9,8,57.1,7,1015.1,8,999.9,0,2.5,8,4.4,8,11.7,999.9,70.9, ,53.6, ,0.0,D,999.9,110010
12495099999,1985-09-22,51.2166666,22.4,240.0,"LUBLIN RADAWIEC, PL",64.4,8,58.8,8,1010.2,7,999.9,0,3.1,8,8.7,8,15.5,999.9,74.3, ,59.5,*,0.0,E,999.9,10000
12495099999,1985-09-23,51.2166666,22.4,240.0,"LUBLIN RADAWIEC, PL",51.4,8,47.6,7,1016.6,8,999.9,0,5.7,8,8.7,8,15.5,999.9,59.5,*,39.7,*,0.35,D,999.9,10000
12495099999,1985-09-24,51.2166666,22.4,240.0,"LUBLIN RADAWIEC, PL",47.8,8,40.4,8,1018.7,8,999.9,0,5.1,8,2.2,8,7.8,999.9,59.0, ,34.0, ,0.0,E,999.9,0
12495099999,1985-09-25,51.2166666,22.4,240.0,"LUBLIN RADAWIEC, PL",53.6,8,51.0,8,1015.1,8,999.9,0,3.4,8,9.5,8,13.6,999.9,59.9, ,51.1, ,0.04,E,999.9,10000
12495099999,1985-09-26,51.2166666,22.4,240.0,"LUBLIN RADAWIEC, PL",45.5,6,37.1,6,1027.7,6,999.9,0,8.7,6,4.9,6,7.8,999.9,52.9, ,38.1,*,0.0,B,999.9,0
12495099999,1985-09-27,51.2166666,22.4,240.0,"LUBLIN RADAWIEC, PL",47.2,8,38.2,8,1026.8,8,999.9,0,7.3,8,5.8,8,7.8,999.9,55.2,*,36.3, ,0.0,E,999.9,10000
12495099999,1985-09-28,51.2166666,22.4,240.0,"LUBLIN RADAWIEC, PL",51.9,8,46.4,8,1016.3,8,999.9,0,4.3,8,9.7,8,13.6,999.9,57.2, ,48.2,*,0.0,B,999.9,10000
12495099999,1985-09-29,51.2166666,22.4,240.0,"LUBLIN RADAWIEC, PL",46.4,8,39.6,8,1019.5,8,999.9,0,8.9,8,9.7,8,13.6,999.9,52.9, ,41.0, ,0.0,C,999.9,0
12495099999,1985-09-30,51.2166666,22.4,240.0,"LUBLIN RADAWIEC, PL",44.1,7,37.2,7,1027.3,7,999.9,0,6.9,7,3.9,7,5.8,999.9,51.6, ,35.1, ,0.0,D,999.9,0
12495099999,1985-10-01,51.2166666,22.4,240.0,"LUBLIN RADAWIEC, PL",52.9,8,48.2,8,1027.6,8,999.9,0,2.1,8,3.9,8,5.8,999.9,64.9, ,45.0, ,0.0,D,999.9,0
12495099999,1985-10-02,51.2166666,22.4,240.0,"LUBLIN RADAWIEC, PL",56.1,8,49.3,8,1022.7,8,999.9,0,3.9,8,4.1,8,9.7,999.9,68.4, ,47.1, ,0.0,D,999.9,0
12495099999,1985-10-03,51.2166666,22.4,240.0,"LUBLIN RADAWIEC, PL",57.2,8,52.8,8,1021.7,8,999.9,0,2.2,8,3.2,8,5.8,999.9,67.8, ,48.7, ,0.0,D,999.9,0
12495099999,1985-10-04,51.2166666,22.4,240.0,"LUBLIN RADAWIEC, PL",59.5,8,53.2,8,1020.3,8,999.9,0,1.7,8,2.4,8,3.9,999.9,74.5, ,48.9, ,0.0,D,999.9,100000
12495099999,1985-10-05,51.2166666,22.4,240.0,"LUBLIN RADAWIEC, PL",61.4,7,53.3,7,1019.0,7,999.9,0,2.5,7,2.5,7,3.9,999.9,73.2, ,50.2, ,0.0,D,999.9,100000
12495099999,1985-10-06,51.2166666,22.4,240.0,"LUBLIN RADAWIEC, PL",56.3,8,52.2,8,1018.8,7,999.9,0,1.5,8,1.5,8,1.9,999.9,69.8, ,44.8, ,0.0,D,999.9,100000
12495099999,1985-10-07,51.2166666,22.4,240.0,"LUBLIN RADAWIEC, PL",52.6,8,51.8,8,1022.0,8,999.9,0,0.2,8,1.7,7,5.8,999.9,66.6, ,42.8,*,0.0,D,999.9,100000
12495099999,1985-10-08,51.2166666,22.4,240.0,"LUBLIN RADAWIEC, PL",53.1,8,53.1,8,1016.6,8,999.9,0,0.4,8,2.7,8,7.8,999.9,57.7, ,50.2, ,0.0,G,999.9,100000
12495099999,1985-10-09,51.2166666,22.4,240.0,"LUBLIN RADAWIEC, PL",52.0,8,49.7,8,1016.2,8,999.9,0,2.8,8,4.1,8,7.8,999.9,54.7, ,49.6,*,0.08,G,999.9,10000
12495099999,1985-10-10,51.2166666,22.4,240.0,"LUBLIN RADAWIEC, PL",50.2,8,47.6,8,1018.5,8,999.9,0,2.8,8,4.4,8,9.7,999.9,55.9, ,47.5, ,0.0,G,999.9,10000
12495099999,1985-10-11,51.2166666,22.4,240.0,"LUBLIN RADAWIEC, PL",47.5,8,44.5,8,1024.2,8,999.9,0,4.0,8,7.8,8,9.7,999.9,55.2, ,43.7, ,0.0,H,999.9,10000
12495099999,1985-10-12,51.2166666,22.4,240.0,"LUBLIN RADAWIEC, PL",49.1,7,43.7,7,1019.6,7,999.9,0,6.7,7,12.5,7,15.5,999.9,52.0,*,45.3, ,0.01,A,999.9,10000
12495099999,1985-10-13,51.2166666,22.4,240.0,"LUBLIN RADAWIEC, PL",42.4,8,39.6,8,1022.1,8,999.9,0,5.6,8,13.6,8,15.5,999.9,44.1, ,40.3,*,99.99, ,999.9,10000
12495099999,1985-10-14,51.2166666,22.4,240.0,"LUBLIN RADAWIEC, PL",41.6,8,39.8,8,1023.7,8,999.9,0,3.1,8,9.2,8,13.6,999.9,44.1, ,39.6,*,0.02,A,999.9,10000
12495099999,1985-10-15,51.2166666,22.4,240.0,"LUBLIN RADAWIEC, PL",40.1,8,38.8,8,1020.4,8,999.9,0,3.0,8,5.1,8,9.7,999.9,40.8, ,38.5, ,0.04,E,999.9,10000
12495099999,1985-10-16,51.2166666,22.4,240.0,"LUBLIN RADAWIEC, PL",42.5,8,38.7,8,1027.5,8,999.9,0,5.3,8,5.1,8,7.8,999.9,45.9,*,38.1, ,0.0,H,999.9,10000
12495099999,1985-10-17,51.2166666,22.4,240.0,"LUBLIN RADAWIEC, PL",44.9,8,43.8,8,1025.0,8,999.9,0,2.1,8,8.3,8,11.7,999.9,46.6,*,41.4, ,0.0,H,999.9,110000
12495099999,1985-10-18,51.2166666,22.4,240.0,"LUBLIN RADAWIEC, PL",46.4,8,45.4,8,1020.9,8,999.9,0,1.7,8,7.0,8,9.7,999.9,48.7, ,44.6, ,0.0,H,999.9,110000
12495099999,1985-10-19,51.2166666,22.4,240.0,"LUBLIN RADAWIEC, PL",46.4,8,42.8,8,1017.8,8,999.9,0,3.9,8,7.8,8,9.7,999.9,51.6, ,41.7,*,0.01,E,999.9,10000
12495099999,1985-10-20,51.2166666,22.4,240.0,"LUBLIN RADAWIEC, PL",41.0,8,39.0,8,1027.9,8,999.9,0,2.9,8,4.4,8,7.8,999.9,46.2, ,37.2, ,0.04,C,999.9,100000
12495099999,1985-10-21,51.2166666,22.4,240.0,"LUBLIN RADAWIEC, PL",41.0,7,36.8,7,1033.7,7,999.9,0,4.6,7,3.3,7,7.8,999.9,44.1, ,37.6, ,0.0,D,999.9,0
12495099999,1985-10-22,51.2166666,22.4,240.0,"LUBLIN RADAWIEC, PL",38.1,8,36.5,8,1031.4,8,999.9,0,1.9,8,5.1,8,9.7,999.9,42.6, ,32.4, ,0.0,G,999.9,110000
12495099999,1985-10-23,51.2166666,22.4,240.0,"LUBLIN RADAWIEC, PL",39.3,7,35.9,7,1035.4,7,999.9,0,4.1,7,6.1,7,9.7,999.9,45.1, ,35.1,*,0.0,B,999.9,100000
12495099999,1985-10-24,51.2166666,22.4,240.0,"LUBLIN RADAWIEC, PL",40.5,7,39.2,7,1035.2,6,999.9,0,2.0,7,5.6,7,7.8,999.9,43.0, ,34.7, ,0.0,H,999.9,10000
12495099999,1985-10-25,51.2166666,22.4,240.0,"LUBLIN RADAWIEC, PL",43.0,8,40.5,8,1035.6,8,999.9,0,1.8,8,3.9,8,5.8,999.9,45.3, ,41.5,*,0.0,G,999.9,100000
12495099999,1985-10-26,51.2166666,22.4,240.0,"LUBLIN RADAWIEC, PL",36.0,7,32.2,7,1032.8,7,999.9,0,2.3,7,2.8,7,5.8,999.9,38.8,*,31.5,*,0.0,D,999.9,0
12495099999,1985-10-27,51.2166666,22.4,240.0,"LUBLIN RADAWIEC, PL",30.7,8,30.0,8,1025.2,8,999.9,0,0.8,8,5.1,8,7.8,999.9,32.9, ,29.3, ,0.0,D,999.9,100000
12495099999,1985-10-28,51.2166666,22.4,240.0,"LUBLIN RADAWIEC, PL",31.9,7,29.3,7,1021.7,7,999.9,0,2.0,7,8.0,7,11.7,999.9,34.2, ,29.7, ,0.0,D,999.9,0
12495099999,1985-10-29,51.2166666,22.4,240.0,"LUBLIN RADAWIEC, PL",35.4,8,34.6,8,1024.2,8,999.9,0,1.0,8,4.6,8,11.7,999.9,38.7, ,32.0, ,0.0,H,999.9,110000
12495099999,1985-10-30,51.2166666,22.4,240.0,"LUBLIN RADAWIEC, PL",35.1,8,31.8,8,1023.2,8,999.9,0,1.9,8,2.7,8,5.8,999.9,44.2, ,29.8, ,0.0,D,999.9,100000
12495099999,1985-10-31,51.2166666,22.4,240.0,"LUBLIN RADAWIEC, PL",37.9,8,34.5,8,1011.7,8,999.9,0,1.8,8,3.9,8,7.8,999.9,41.0, ,31.8, ,0.0,D,999.9,10000
12495099999,1985-11-01,51.2166666,22.4,240.0,"LUBLIN RADAWIEC, PL",36.4,8,33.7,8,1009.7,7,999.9,0,1.6,8,5.3,8,9.7,999.9,37.8, ,35.2,*,0.0,H,999.9,10000
12495099999,1985-11-02,51.2166666,22.4,240.0,"LUBLIN RADAWIEC, PL",38.9,8,37.7,8,1001.7,8,999.9,0,1.1,8,5.3,8,7.8,999.9,42.8, ,33.1, ,0.0,H,999.9,110000
12495099999,1985-11-03,51.2166666,22.4,240.0,"LUBLIN RADAWIEC, PL",37.8,8,32.7,8,1005.0,8,999.9,0,6.4,8,9.2,8,13.6,999.9,41.7, ,34.5, ,0.0,D,999.9,0
12495099999,1985-11-04,51.2166666,22.4,240.0,"LUBLIN RADAWIEC, PL",36.9,8,31.2,8,1017.6,8,999.9,0,5.3,8,4.4,8,7.8,999.9,46.6, ,30.4, ,0.0,D,999.9,0
12495099999,1985-11-05,51.2166666,22.4,240.0,"LUBLIN RADAWIEC, PL",42.6,8,35.0,8,1007.9,8,999.9,0,5.3,8,9.0,8,13.6,999.9,52.7, ,32.2, ,0.0,D,999.9,0
12495099999,1985-11-06,51.2166666,22.4,240.0,"LUBLIN RADAWIEC, PL",43.8,8,40.1,8,993.9,8,999.9,0,5.3,8,10.0,8,13.6,999.9,46.9,*,38.1,*,0.12,E,999.9,10000
12495099999,1985-11-07,51.2166666,22.4,240.0,"LUBLIN RADAWIEC, PL",37.6,8,31.0,8,1003.1,8,999.9,0,7.3,8,10.2,8,13.6,999.9,44.2, ,32.5, ,0.0,D,999.9,10000
12495099999,1985-11-08,51.2166666,22.4,240.0,"LUBLIN RADAWIEC, PL",38.6,8,33.7,8,1010.4,8,999.9,0,9.6,8,11.9,8,15.5,999.9,43.9, ,31.5,*,0.16,E,999.9,10000
12495099999,1985-11-09,51.2166666,22.4,240.0,"LUBLIN RADAWIEC, PL",39.1,8,33.6,8,1013.9,8,999.9,0,3.9,8,7.3,8,13.6,999.9,47.8,*,29.8, ,0.0,D,999.9,0
12495099999,1985-11-10,51.2166666,22.4,240.0,"LUBLIN RADAWIEC, PL",49.0,8,41.5,8,1002.2,8,999.9,0,7.0,8,11.9,8,15.5,999.9,55.9, ,45.1, ,0.01,E,999.9,10000
12495099999,1985-11-11,51.2166666,22.4,240.0,"LUBLIN RADAWIEC, PL",38.5,8,32.1,8,1003.9,8,999.9,0,9.6,8,11.9,8,15.5,999.9,47.7,*,33.8,*,0.08,B,999.9,10000
12495099999,1985-11-12,51.2166666,22.4,240.0,"LUBLIN RADAWIEC, PL",32.3,8,26.3,8,1011.2,8,999.9,0,7.8,8,9.5,8,13.6,999.9,37.2, ,28.2, ,0.0,D,999.9,0
12495099999,1985-11-13,51.2166666,22.4,240.0,"LUBLIN RADAWIEC, PL",30.9,8,29.2,8,1018.2,8,999.9,0,1.6,8,2.7,8,3.9,999.9,32.5, ,28.6, ,0.0,H,999.9,101000
12495099999,1985-11-14,51.2166666,22.4,240.0,"LUBLIN RADAWIEC, PL",31.7,8,31.3,8,1020.6,8,999.9,0,0.7,8,7.5,8,13.6,999.9,34.0, ,30.2, ,0.0,H,0.8,101000
12495099999,1985-11-15,51.2166666,22.4,240.0,"LUBLIN RADAWIEC, PL",28.4,8,26.8,8,1028.4,8,999.9,0,2.8,8,5.6,8,7.8,999.9,30.7, ,27.1,*,0.0,A,4.3,11000
12495099999,1985-11-16,51.2166666,22.4,240.0,"LUBLIN RADAWIEC, PL",27.2,8,25.5,8,1034.2,8,999.9,0,1.7,8,3.2,8,5.8,999.9,30.6, ,25.0, ,0.0,E,4.3,1000
12495099999,1985-11-17,51.2166666,22.4,240.0,"LUBLIN RADAWIEC, PL",18.7,8,17.3,8,1037.0,8,999.9,0,1.1,8,2.7,8,5.8,999.9,25.9, ,9.1, ,99.99, ,3.9,101000
12495099999,1985-11-18,51.2166666,22.4,240.0,"LUBLIN RADAWIEC, PL",21.1,8,18.3,8,1042.6,8,999.9,0,3.9,8,8.3,8,11.7,999.9,23.9, ,14.5, ,0.01,G,4.3,1000
12495099999,1985-11-19,51.2166666,22.4,240.0,"LUBLIN RADAWIEC, PL",18.4,8,15.3,8,1039.7,8,999.9,0,3.3,8,15.1,8,17.5,999.9,20.7,*,15.3,*,0.0,G,3.9,1000
12495099999,1985-11-20,51.2166666,22.4,240.0,"LUBLIN RADAWIEC, PL",22.2,8,19.0,8,1030.0,8,999.9,0,2.0,8,14.1,8,15.5,999.9,25.0, ,16.7, ,99.99, ,4.7,1000
12495099999,1985-11-21,51.2166666,22.4,240.0,"LUBLIN RADAWIEC, PL",26.3,7,24.2,7,1021.8,7,999.9,0,2.1,7,9.7,7,11.7,999.9,29.7, ,23.2, ,0.0,H,4.7,11000
12495099999,1985-11-22,51.2166666,22.4,240.0,"LUBLIN RADAWIEC, PL",29.4,8,28.3,8,1024.3,8,999.9,0,1.8,8,9.2,8,11.7,999.9,31.3, ,27.3, ,0.0,D,5.1,0
12495099999,1985-11-23,51.2166666,22.4,240.0,"LUBLIN RADAWIEC, PL",28.9,8,27.9,8,1026.1,8,999.9,0,1.3,8,5.3,8,9.7,999.9,31.1, ,27.5,*,0.0,H,4.3,10000
12495099999,1985-11-24,51.2166666,22.4,240.0,"LUBLIN RADAWIEC, PL",26.8,8,26.0,8,1019.9,8,999.9,0,0.8,8,1.7,8,3.9,999.9,27.7, ,26.2, ,0.0,G,3.9,110000
12495099999,1985-11-25,51.2166666,22.4,240.0,"LUBLIN RADAWIEC, PL",28.9,7,28.5,7,1010.9,7,999.9,0,0.6,7,3.1,7,3.9,999.9,31.1, ,27.5,*,0.0,H,999.9,101000
12495099999,1985-11-26,51.2166666,22.4,240.0,"LUBLIN RADAWIEC, PL",26.4,8,24.9,8,1008.6,8,999.9,0,1.4,8,2.7,8,5.8,999.9,29.1, ,23.2,*,99.99, ,999.9,1000
12495099999,1985-11-27,51.2166666,22.4,240.0,"LUBLIN RADAWIEC, PL",19.6,8,18.7,7,1011.4,8,999.9,0,0.7,8,0.7,8,1.9,999.9,25.5, ,6.8, ,0.0,G,3.9,101000
12495099999,1985-11-28,51.2166666,22.4,240.0,"LUBLIN RADAWIEC, PL",22.5,8,21.1,8,1012.7,8,999.9,0,0.8,8,4.9,8,7.8,999.9,25.5, ,20.1, ,0.0,D,3.9,100000
12495099999,1985-11-29,51.2166666,22.4,240.0,"LUBLIN RADAWIEC, PL",26.8,8,23.1,8,1014.4,8,999.9,0,2.2,8,7.0,8,7.8,999.9,29.8, ,21.0, ,0.02,G,999.9,1000
12495099999,1985-11-30,51.2166666,22.4,240.0,"LUBLIN RADAWIEC, PL",24.2,8,21.8,8,1019.4,8,999.9,0,2.3,8,6.8,8,7.8,999.9,27.5, ,20.1,*,0.0,G,4.7,1000
12495099999,1985-12-01,51.2166666,22.4,240.0,"LUBLIN RADAWIEC, PL",20.9,8,18.5,8,1027.0,8,999.9,0,1.9,8,8.3,8,11.7,999.9,25.7, ,17.1, ,0.0,D,5.1,100000
12495099999,1985-12-02,51.2166666,22.4,240.0,"LUBLIN RADAWIEC, PL",28.2,8,27.0,8,1021.1,8,999.9,0,1.3,8,8.7,8,15.5,999.9,36.5, ,16.5, ,0.02,G,5.1,11000
12495099999,1985-12-03,51.2166666,22.4,240.0,"LUBLIN RADAWIEC, PL",37.0,8,36.7,8,1018.0,8,999.9,0,0.7,8,7.5,8,11.7,999.9,38.5, ,36.0, ,0.04,G,2.0,110000
12495099999,1985-12-04,51.2166666,22.4,240.0,"LUBLIN RADAWIEC, PL",42.6,8,40.5,8,1016.7,8,999.9,0,3.0,8,8.3,8,15.5,999.9,49.8, ,37.4, ,0.12,G,999.9,10000
12495099999,1985-12-05,51.2166666,22.4,240.0,"LUBLIN RADAWIEC, PL",44.1,8,40.0,8,1013.8,8,999.9,0,3.4,8,7.0,8,9.7,999.9,53.2, ,39.4,*,0.0,G,999.9,0
12495099999,1985-12-06,51.2166666,22.4,240.0,"LUBLIN RADAWIEC, PL",43.3,8,36.6,8,1006.5,8,999.9,0,3.4,8,13.4,8,15.5,999.9,48.9, ,39.4, ,0.0,D,999.9,0
12495099999,1985-12-07,51.2166666,22.4,240.0,"LUBLIN RADAWIEC, PL",42.6,8,34.9,8,1010.9,8,999.9,0,7.8,8,12.4,8,19.4,999.9,45.7,*,38.7,*,0.0,E,999.9,10000
12495099999,1985-12-08,51.2166666,22.4,240.0,"LUBLIN RADAWIEC, PL",42.1,8,40.1,8,1015.5,8,999.9,0,2.4,8,3.6,8,7.8,999.9,43.7, ,41.2,*,0.08,G,999.9,110000
12495099999,1985-12-09,51.2166666,22.4,240.0,"LUBLIN RADAWIEC, PL",40.7,8,40.7,8,1019.0,8,999.9,0,0.3,8,4.4,8,7.8,999.9,43.5, ,38.3, ,0.0,G,999.9,110000
12495099999,1985-12-10,51.2166666,22.4,240.0,"LUBLIN RADAWIEC, PL",42.4,8,40.5,8,1014.9,8,999.9,0,2.0,8,3.6,8,5.8,999.9,44.2, ,40.5, ,0.0,D,999.9,0
12495099999,1985-12-11,51.2166666,22.4,240.0,"LUBLIN RADAWIEC, PL",39.0,8,38.6,8,1022.3,8,999.9,0,1.0,8,7.0,8,9.7,999.9,40.1,*,37.2,*,0.0,H,999.9,110000
12495099999,1985-12-12,51.2166666,22.4,240.0,"LUBLIN RADAWIEC, PL",34.7,8,33.9,8,1032.6,8,999.9,0,1.2,8,5.8,8,7.8,999.9,36.7,*,33.6,*,0.0,G,999.9,110000
12495099999,1985-12-13,51.2166666,22.4,240.0,"LUBLIN RADAWIEC, PL",34.4,8,32.2,8,1032.0,8,999.9,0,2.2,8,3.4,8,3.9,999.9,36.9, ,32.7,*,0.0,D,999.9,0
12495099999,1985-12-14,51.2166666,22.4,240.0,"LUBLIN RADAWIEC, PL",35.6,8,33.6,8,1021.9,8,999.9,0,2.8,8,7.8,8,13.6,999.9,37.4, ,33.8, ,0.0,G,999.9,10000
12495099999,1985-12-15,51.2166666,22.4,240.0,"LUBLIN RADAWIEC, PL",38.5,8,38.0,8,1013.9,8,999.9,0,1.9,8,6.8,8,11.7,999.9,44.2,*,32.7, ,99.99, ,999.9,10000
12495099999,1985-12-16,51.2166666,22.4,240.0,"LUBLIN RADAWIEC, PL",40.4,8,39.6,8,1009.7,8,999.9,0,3.4,8,9.0,8,15.5,999.9,44.1,*,36.9,*,0.08,E,999.9,10000
12495099999,1985-12-17,51.2166666,22.4,240.0,"LUBLIN RADAWIEC, PL",35.3,8,32.3,8,1003.1,8,999.9,0,4.8,8,15.3,8,19.4,999.9,40.6,*,26.8,*,0.08,A,999.9,11000
12495099999,1985-12-18,51.2166666,22.4,240.0,"LUBLIN RADAWIEC, PL",21.5,8,15.5,8,1019.5,8,999.9,0,7.3,8,5.6,8,9.7,999.9,25.7,*,17.8,*,0.0,A,999.9,1000
12495099999,1985-12-19,51.2166666,22.4,240.0,"LUBLIN RADAWIEC, PL",29.5,8,27.3,8,1009.8,8,999.9,0,4.2,8,9.2,8,13.6,999.9,36.9, ,17.8, ,0.16,E,999.9,11000
12495099999,1985-12-20,51.2166666,22.4,240.0,"LUBLIN RADAWIEC, PL",34.2,8,32.8,8,1010.9,8,999.9,0,2.8,8,9.0,8,13.6,999.9,35.1, ,32.7,*,0.04,E,999.9,10100
12495099999,1985-12-21,51.2166666,22.4,240.0,"LUBLIN RADAWIEC, PL",34.9,8,34.6,8,1017.7,8,999.9,0,1.3,8,4.6,8,7.8,999.9,38.3, ,32.5, ,99.99, ,999.9,111000
12495099999,1985-12-22,51.2166666,22.4,240.0,"LUBLIN RADAWIEC, PL",34.7,8,32.2,8,1021.0,8,999.9,0,2.5,8,7.5,8,9.7,999.9,39.2, ,32.4,*,0.0,B,999.9,0
12495099999,1985-12-23,51.2166666,22.4,240.0,"LUBLIN RADAWIEC, PL",33.5,8,30.4,8,1019.6,8,999.9,0,3.0,8,7.5,8,11.7,999.9,38.7, ,31.6,*,0.0,D,999.9,0
12495099999,1985-12-24,51.2166666,22.4,240.0,"LUBLIN RADAWIEC, PL",30.1,7,28.1,7,1017.7,7,999.9,0,1.8,7,3.9,7,5.8,999.9,33.8, ,27.5,*,0.0,D,999.9,0
12495099999,1985-12-25,51.2166666,22.4,240.0,"LUBLIN RADAWIEC, PL",28.9,8,26.4,8,1011.2,8,999.9,0,2.0,8,5.8,8,9.7,999.9,33.6, ,25.0,*,0.0,D,999.9,0
12495099999,1985-12-26,51.2166666,22.4,240.0,"LUBLIN RADAWIEC, PL",33.0,8,31.0,8,1003.9,8,999.9,0,2.0,8,5.3,8,7.8,999.9,35.1, ,30.0, ,0.0,H,999.9,10000
12495099999,1985-12-27,51.2166666,22.4,240.0,"LUBLIN RADAWIEC, PL",34.3,8,33.5,8,1002.9,8,999.9,0,2.0,8,4.6,8,7.8,999.9,37.8, ,31.6,*,0.0,G,999.9,11000
12495099999,1985-12-28,51.2166666,22.4,240.0,"LUBLIN RADAWIEC, PL",32.7,8,31.0,8,1006.6,8,999.9,0,2.3,7,4.1,8,7.8,999.9,35.6, ,31.1, ,0.0,G,999.9,11100
12495099999,1985-12-29,51.2166666,22.4,240.0,"LUBLIN RADAWIEC, PL",35.0,8,33.4,8,997.2,7,999.9,0,2.2,8,6.6,8,11.7,999.9,41.4, ,30.9, ,99.99, ,0.4,11000
12495099999,1985-12-30,51.2166666,22.4,240.0,"LUBLIN RADAWIEC, PL",24.5,8,19.3,8,1011.8,8,999.9,0,7.3,8,12.1,8,19.4,999.9,28.2,*,20.3,*,0.0,G,999.9,1000
12495099999,1985-12-31,51.2166666,22.4,240.0,"LUBLIN RADAWIEC, PL",21.6,7,18.7,7,1015.1,7,999.9,0,2.3,7,3.1,7,5.8,999.9,25.5,*,16.3, ,0.0,D,999.9,0
